Workbook

Sheet idle_time_ratio_summary
A1: case_id | B1: human_idle_nores | C1: human_idle_nores_ratio | D1: human_idle_dynamic | E1: human_idle_dynamic_ratio | F1: human_idle_ratio_diff_nores_minus_dynamic | G1: human_nores_idle_ratio_higher | H1: robot_idle_nores | I1: robot_idle_nores_ratio | J1: robot_idle_dynamic | K1: robot_idle_dynamic_ratio | L1: robot_idle_ratio_diff_nores_minus_dynamic | M1: robot_nores_idle_ratio_higher | N1: robot_nores_idle_ratio_higher_5pct | O1: robot_nores_idle_ratio_higher_effect | P1: robot_dynamic_idle_ratio_higher_effect | Q1: human_nores_idle_ratio_higher_effect | R1: human_nores_idle_ratio_higher2 | S1: human_nores_idle_ratio_higher5pct
A2: 20260616_163957 | B2: 2.59 | C2: 0.03 | D2: 3.94 | E2: 0.05 | F2: -0.02 | G2: 0 | H2: 29.38 | I2: 0.37 | J2: 22.64 | K2: 0.31 | L2: 0.06 | M2: 1 | N2: =IF(L2>=0.05,1,0) -> 1 | O2: =IF(idle_time_ratio_summary[[#This Row],[robot_nores_idle_ratio_higher]]=1,idle_time_ratio_summary[[#This Row],[robot_idle_ratio_diff_nores_minus_dynamic]],0) -> 0.06 | P2: =IF(idle_time_ratio_summary[[#This Row],[robot_nores_idle_ratio_higher]]=0,ABS(idle_time_ratio_summary[[#This Row],[robot_idle_ratio_diff_nores_minus_dynamic]]),0) -> 0 | Q2: =IF(idle_time_ratio_summary[[#This Row],[human_idle_ratio_diff_nores_minus_dynamic]]>0,idle_time_ratio_summary[[#This Row],[human_idle_ratio_diff_nores_minus_dynamic]],0) -> 0 | R2: =IF(idle_time_ratio_summary[[#This Row],[human_idle_ratio_diff_nores_minus_dynamic]]<0,-idle_time_ratio_summary[[#This Row],[human_idle_ratio_diff_nores_minus_dynamic]],0) -> 0.02 | S2: =IF(idle_time_ratio_summary[[#This Row],[human_nores_idle_ratio_higher2]]>=0.05,1,0) -> 0
A3: 20260616_165213 | B3: 3.21 | C3: 0.04 | D3: 5.26 | E3: 0.07 | F3: -0.03 | G3: 0 | H3: 29.16 | I3: 0.36 | J3: 23.09 | K3: 0.31 | L3: 0.05 | M3: 1 | N3: =IF(L3>=0.05,1,0) -> 1 | O3: =IF(idle_time_ratio_summary[[#This Row],[robot_nores_idle_ratio_higher]]=1,idle_time_ratio_summary[[#This Row],[robot_idle_ratio_diff_nores_minus_dynamic]],0) -> 0.05 | P3: =IF(idle_time_ratio_summary[[#This Row],[robot_nores_idle_ratio_higher]]=0,ABS(idle_time_ratio_summary[[#This Row],[robot_idle_ratio_diff_nores_minus_dynamic]]),0) -> 0 | Q3: =IF(idle_time_ratio_summary[[#This Row],[human_idle_ratio_diff_nores_minus_dynamic]]>0,idle_time_ratio_summary[[#This Row],[human_idle_ratio_diff_nores_minus_dynamic]],0) -> 0 | R3: =IF(idle_time_ratio_summary[[#This Row],[human_idle_ratio_diff_nores_minus_dynamic]]<0,-idle_time_ratio_summary[[#This Row],[human_idle_ratio_diff_nores_minus_dynamic]],0) -> 0.03 | S3: =IF(idle_time_ratio_summary[[#This Row],[human_nores_idle_ratio_higher2]]>=0.05,1,0) -> 0
A4: 20260617_161127 | B4: 2.9 | C4: 0.03 | D4: 3.37 | E4: 0.04 | F4: -0.01 | G4: 0 | H4: 46.26 | I4: 0.48 | J4: 41.13 | K4: 0.45 | L4: 0.03 | M4: 1 | N4: =IF(L4>=0.05,1,0) -> 0 | O4: =IF(idle_time_ratio_summary[[#This Row],[robot_nores_idle_ratio_higher]]=1,idle_time_ratio_summary[[#This Row],[robot_idle_ratio_diff_nores_minus_dynamic]],0) -> 0.03 | P4: =IF(idle_time_ratio_summary[[#This Row],[robot_nores_idle_ratio_higher]]=0,ABS(idle_time_ratio_summary[[#This Row],[robot_idle_ratio_diff_nores_minus_dynamic]]),0) -> 0 | Q4: =IF(idle_time_ratio_summary[[#This Row],[human_idle_ratio_diff_nores_minus_dynamic]]>0,idle_time_ratio_summary[[#This Row],[human_idle_ratio_diff_nores_minus_dynamic]],0) -> 0 | R4: =IF(idle_time_ratio_summary[[#This Row],[human_idle_ratio_diff_nores_minus_dynamic]]<0,-idle_time_ratio_summary[[#This Row],[human_idle_ratio_diff_nores_minus_dynamic]],0) -> 0.01 | S4: =IF(idle_time_ratio_summary[[#This Row],[human_nores_idle_ratio_higher2]]>=0.05,1,0) -> 0
A5: 20260617_161833 | B5: 3.79 | C5: 0.05 | D5: 11.8 | E5: 0.16 | F5: -0.11 | G5: 0 | H5: 24.49 | I5: 0.32 | J5: 14.94 | K5: 0.2 | L5: 0.12 | M5: 1 | N5: =IF(L5>=0.05,1,0) -> 1 | O5: =IF(idle_time_ratio_summary[[#This Row],[robot_nores_idle_ratio_higher]]=1,idle_time_ratio_summary[[#This Row],[robot_idle_ratio_diff_nores_minus_dynamic]],0) -> 0.12 | P5: =IF(idle_time_ratio_summary[[#This Row],[robot_nores_idle_ratio_higher]]=0,ABS(idle_time_ratio_summary[[#This Row],[robot_idle_ratio_diff_nores_minus_dynamic]]),0) -> 0 | Q5: =IF(idle_time_ratio_summary[[#This Row],[human_idle_ratio_diff_nores_minus_dynamic]]>0,idle_time_ratio_summary[[#This Row],[human_idle_ratio_diff_nores_minus_dynamic]],0) -> 0 | R5: =IF(idle_time_ratio_summary[[#This Row],[human_idle_ratio_diff_nores_minus_dynamic]]<0,-idle_time_ratio_summary[[#This Row],[human_idle_ratio_diff_nores_minus_dynamic]],0) -> 0.11 | S5: =IF(idle_time_ratio_summary[[#This Row],[human_nores_idle_ratio_higher2]]>=0.05,1,0) -> 1
A6: 20260617_162610 | B6: 2.12 | C6: 0.02 | D6: 2.61 | E6: 0.03 | F6: -0.01 | G6: 0 | H6: 44.41 | I6: 0.46 | J6: 24.7 | K6: 0.29 | L6: 0.17 | M6: 1 | N6: =IF(L6>=0.05,1,0) -> 1 | O6: =IF(idle_time_ratio_summary[[#This Row],[robot_nores_idle_ratio_higher]]=1,idle_time_ratio_summary[[#This Row],[robot_idle_ratio_diff_nores_minus_dynamic]],0) -> 0.17 | P6: =IF(idle_time_ratio_summary[[#This Row],[robot_nores_idle_ratio_higher]]=0,ABS(idle_time_ratio_summary[[#This Row],[robot_idle_ratio_diff_nores_minus_dynamic]]),0) -> 0 | Q6: =IF(idle_time_ratio_summary[[#This Row],[human_idle_ratio_diff_nores_minus_dynamic]]>0,idle_time_ratio_summary[[#This Row],[human_idle_ratio_diff_nores_minus_dynamic]],0) -> 0 | R6: =IF(idle_time_ratio_summary[[#This Row],[human_idle_ratio_diff_nores_minus_dynamic]]<0,-idle_time_ratio_summary[[#This Row],[human_idle_ratio_diff_nores_minus_dynamic]],0) -> 0.01 | S6: =IF(idle_time_ratio_summary[[#This Row],[human_nores_idle_ratio_higher2]]>=0.05,1,0) -> 0
A7: 20260617_163225 | B7: 0.73 | C7: 0.01 | D7: 9.46 | E7: 0.11 | F7: -0.1 | G7: 0 | H7: 33.21 | I7: 0.39 | J7: 24.08 | K7: 0.29 | L7: 0.1 | M7: 1 | N7: =IF(L7>=0.05,1,0) -> 1 | O7: =IF(idle_time_ratio_summary[[#This Row],[robot_nores_idle_ratio_higher]]=1,idle_time_ratio_summary[[#This Row],[robot_idle_ratio_diff_nores_minus_dynamic]],0) -> 0.1 | P7: =IF(idle_time_ratio_summary[[#This Row],[robot_nores_idle_ratio_higher]]=0,ABS(idle_time_ratio_summary[[#This Row],[robot_idle_ratio_diff_nores_minus_dynamic]]),0) -> 0 | Q7: =IF(idle_time_ratio_summary[[#This Row],[human_idle_ratio_diff_nores_minus_dynamic]]>0,idle_time_ratio_summary[[#This Row],[human_idle_ratio_diff_nores_minus_dynamic]],0) -> 0 | R7: =IF(idle_time_ratio_summary[[#This Row],[human_idle_ratio_diff_nores_minus_dynamic]]<0,-idle_time_ratio_summary[[#This Row],[human_idle_ratio_diff_nores_minus_dynamic]],0) -> 0.1 | S7: =IF(idle_time_ratio_summary[[#This Row],[human_nores_idle_ratio_higher2]]>=0.05,1,0) -> 1
A8: 20260617_163852 | B8: 3.39 | C8: 0.04 | D8: 17.2 | E8: 0.2 | F8: -0.16 | G8: 0 | H8: 28.19 | I8: 0.36 | J8: 16.79 | K8: 0.2 | L8: 0.16 | M8: 1 | N8: =IF(L8>=0.05,1,0) -> 1 | O8: =IF(idle_time_ratio_summary[[#This Row],[robot_nores_idle_ratio_higher]]=1,idle_time_ratio_summary[[#This Row],[robot_idle_ratio_diff_nores_minus_dynamic]],0) -> 0.16 | P8: =IF(idle_time_ratio_summary[[#This Row],[robot_nores_idle_ratio_higher]]=0,ABS(idle_time_ratio_summary[[#This Row],[robot_idle_ratio_diff_nores_minus_dynamic]]),0) -> 0 | Q8: =IF(idle_time_ratio_summary[[#This Row],[human_idle_ratio_diff_nores_minus_dynamic]]>0,idle_time_ratio_summary[[#This Row],[human_idle_ratio_diff_nores_minus_dynamic]],0) -> 0 | R8: =IF(idle_time_ratio_summary[[#This Row],[human_idle_ratio_diff_nores_minus_dynamic]]<0,-idle_time_ratio_summary[[#This Row],[human_idle_ratio_diff_nores_minus_dynamic]],0) -> 0.16 | S8: =IF(idle_time_ratio_summary[[#This Row],[human_nores_idle_ratio_higher2]]>=0.05,1,0) -> 1
A9: 20260617_164554 | B9: 7.19 | C9: 0.1 | D9: 6.16 | E9: 0.09 | F9: 0.01 | G9: 1 | H9: 18.77 | I9: 0.27 | J9: 17.72 | K9: 0.26 | L9: 0.01 | M9: 1 | N9: =IF(L9>=0.05,1,0) -> 0 | O9: =IF(idle_time_ratio_summary[[#This Row],[robot_nores_idle_ratio_higher]]=1,idle_time_ratio_summary[[#This Row],[robot_idle_ratio_diff_nores_minus_dynamic]],0) -> 0.01 | P9: =IF(idle_time_ratio_summary[[#This Row],[robot_nores_idle_ratio_higher]]=0,ABS(idle_time_ratio_summary[[#This Row],[robot_idle_ratio_diff_nores_minus_dynamic]]),0) -> 0 | Q9: =IF(idle_time_ratio_summary[[#This Row],[human_idle_ratio_diff_nores_minus_dynamic]]>0,idle_time_ratio_summary[[#This Row],[human_idle_ratio_diff_nores_minus_dynamic]],0) -> 0.01 | R9: =IF(idle_time_ratio_summary[[#This Row],[human_idle_ratio_diff_nores_minus_dynamic]]<0,-idle_time_ratio_summary[[#This Row],[human_idle_ratio_diff_nores_minus_dynamic]],0) -> 0 | S9: =IF(idle_time_ratio_summary[[#This Row],[human_nores_idle_ratio_higher2]]>=0.05,1,0) -> 0
A10: 20260617_165310 | B10: 6.09 | C10: 0.09 | D10: 4.22 | E10: 0.06 | F10: 0.03 | G10: 1 | H10: 16.88 | I10: 0.25 | J10: 14.98 | K10: 0.23 | L10: 0.02 | M10: 1 | N10: =IF(L10>=0.05,1,0) -> 0 | O10: =IF(idle_time_ratio_summary[[#This Row],[robot_nores_idle_ratio_higher]]=1,idle_time_ratio_summary[[#This Row],[robot_idle_ratio_diff_nores_minus_dynamic]],0) -> 0.02 | P10: =IF(idle_time_ratio_summary[[#This Row],[robot_nores_idle_ratio_higher]]=0,ABS(idle_time_ratio_summary[[#This Row],[robot_idle_ratio_diff_nores_minus_dynamic]]),0) -> 0 | Q10: =IF(idle_time_ratio_summary[[#This Row],[human_idle_ratio_diff_nores_minus_dynamic]]>0,idle_time_ratio_summary[[#This Row],[human_idle_ratio_diff_nores_minus_dynamic]],0) -> 0.03 | R10: =IF(idle_time_ratio_summary[[#This Row],[human_idle_ratio_diff_nores_minus_dynamic]]<0,-idle_time_ratio_summary[[#This Row],[human_idle_ratio_diff_nores_minus_dynamic]],0) -> 0 | S10: =IF(idle_time_ratio_summary[[#This Row],[human_nores_idle_ratio_higher2]]>=0.05,1,0) -> 0
A11: 20260617_170056 | B11: 8.47 | C11: 0.12 | D11: 7.25 | E11: 0.11 | F11: 0.01 | G11: 1 | H11: 16.79 | I11: 0.25 | J11: 15.52 | K11: 0.23 | L11: 0.02 | M11: 1 | N11: =IF(L11>=0.05,1,0) -> 0 | O11: =IF(idle_time_ratio_summary[[#This Row],[robot_nores_idle_ratio_higher]]=1,idle_time_ratio_summary[[#This Row],[robot_idle_ratio_diff_nores_minus_dynamic]],0) -> 0.02 | P11: =IF(idle_time_ratio_summary[[#This Row],[robot_nores_idle_ratio_higher]]=0,ABS(idle_time_ratio_summary[[#This Row],[robot_idle_ratio_diff_nores_minus_dynamic]]),0) -> 0 | Q11: =IF(idle_time_ratio_summary[[#This Row],[human_idle_ratio_diff_nores_minus_dynamic]]>0,idle_time_ratio_summary[[#This Row],[human_idle_ratio_diff_nores_minus_dynamic]],0) -> 0.01 | R11: =IF(idle_time_ratio_summary[[#This Row],[human_idle_ratio_diff_nores_minus_dynamic]]<0,-idle_time_ratio_summary[[#This Row],[human_idle_ratio_diff_nores_minus_dynamic]],0) -> 0 | S11: =IF(idle_time_ratio_summary[[#This Row],[human_nores_idle_ratio_higher2]]>=0.05,1,0) -> 0
A12: 20260617_170735 | B12: 4.85 | C12: 0.07 | D12: 6.35 | E12: 0.09 | F12: -0.02 | G12: 0 | H12: 20.18 | I12: 0.28 | J12: 18.57 | K12: 0.27 | L12: 0.01 | M12: 1 | N12: =IF(L12>=0.05,1,0) -> 0 | O12: =IF(idle_time_ratio_summary[[#This Row],[robot_nores_idle_ratio_higher]]=1,idle_time_ratio_summary[[#This Row],[robot_idle_ratio_diff_nores_minus_dynamic]],0) -> 0.01 | P12: =IF(idle_time_ratio_summary[[#This Row],[robot_nores_idle_ratio_higher]]=0,ABS(idle_time_ratio_summary[[#This Row],[robot_idle_ratio_diff_nores_minus_dynamic]]),0) -> 0 | Q12: =IF(idle_time_ratio_summary[[#This Row],[human_idle_ratio_diff_nores_minus_dynamic]]>0,idle_time_ratio_summary[[#This Row],[human_idle_ratio_diff_nores_minus_dynamic]],0) -> 0 | R12: =IF(idle_time_ratio_summary[[#This Row],[human_idle_ratio_diff_nores_minus_dynamic]]<0,-idle_time_ratio_summary[[#This Row],[human_idle_ratio_diff_nores_minus_dynamic]],0) -> 0.02 | S12: =IF(idle_time_ratio_summary[[#This Row],[human_nores_idle_ratio_higher2]]>=0.05,1,0) -> 0
A13: 20260617_214847 | B13: 0 | C13: 0 | D13: 0.53 | E13: 0.01 | F13: -0.01 | G13: 0 | H13: 51.62 | I13: 0.5 | J13: 41.33 | K13: 0.45 | L13: 0.05 | M13: 1 | N13: =IF(L13>=0.05,1,0) -> 1 | O13: =IF(idle_time_ratio_summary[[#This Row],[robot_nores_idle_ratio_higher]]=1,idle_time_ratio_summary[[#This Row],[robot_idle_ratio_diff_nores_minus_dynamic]],0) -> 0.05 | P13: =IF(idle_time_ratio_summary[[#This Row],[robot_nores_idle_ratio_higher]]=0,ABS(idle_time_ratio_summary[[#This Row],[robot_idle_ratio_diff_nores_minus_dynamic]]),0) -> 0 | Q13: =IF(idle_time_ratio_summary[[#This Row],[human_idle_ratio_diff_nores_minus_dynamic]]>0,idle_time_ratio_summary[[#This Row],[human_idle_ratio_diff_nores_minus_dynamic]],0) -> 0 | R13: =IF(idle_time_ratio_summary[[#This Row],[human_idle_ratio_diff_nores_minus_dynamic]]<0,-idle_time_ratio_summary[[#This Row],[human_idle_ratio_diff_nores_minus_dynamic]],0) -> 0.01 | S13: =IF(idle_time_ratio_summary[[#This Row],[human_nores_idle_ratio_higher2]]>=0.05,1,0) -> 0
... A77: 20260621_223602 | B77: 2.92 | C77: 0.04 | D77: 9.48 | E77: 0.12 | F77: -0.08 | G77: 0 | H77: 25.3 | I77: 0.33 | J77: 19.61 | K77: 0.25 | L77: 0.08 | M77: 1 | N77: =IF(L77>=0.05,1,0) -> 1 | O77: =IF(idle_time_ratio_summary[[#This Row],[robot_nores_idle_ratio_higher]]=1,idle_time_ratio_summary[[#This Row],[robot_idle_ratio_diff_nores_minus_dynamic]],0) -> 0.08 | P77: =IF(idle_time_ratio_summary[[#This Row],[robot_nores_idle_ratio_higher]]=0,ABS(idle_time_ratio_summary[[#This Row],[robot_idle_ratio_diff_nores_minus_dynamic]]),0) -> 0 | Q77: =IF(idle_time_ratio_summary[[#This Row],[human_idle_ratio_diff_nores_minus_dynamic]]>0,idle_time_ratio_summary[[#This Row],[human_idle_ratio_diff_nores_minus_dynamic]],0) -> 0 | R77: =IF(idle_time_ratio_summary[[#This Row],[human_idle_ratio_diff_nores_minus_dynamic]]<0,-idle_time_ratio_summary[[#This Row],[human_idle_ratio_diff_nores_minus_dynamic]],0) -> 0.08 | S77: =IF(idle_time_ratio_summary[[#This Row],[human_nores_idle_ratio_higher2]]>=0.05,1,0) -> 1
G78: =SUM(G2:G77) -> 11 | M78: =SUM(M2:M77) -> 54 | N78: =SUM(N2:N77) -> 38 | O78: =IF(idle_time_ratio_summary[[#This Row],[robot_nores_idle_ratio_higher]]=1,idle_time_ratio_summary[[#This Row],[robot_idle_ratio_diff_nores_minus_dynamic]],0) -> 0 | P78: =IF(idle_time_ratio_summary[[#This Row],[robot_nores_idle_ratio_higher]]=0,ABS(idle_time_ratio_summary[[#This Row],[robot_idle_ratio_diff_nores_minus_dynamic]]),0) -> 0 | Q78: =IF(idle_time_ratio_summary[[#This Row],[human_idle_ratio_diff_nores_minus_dynamic]]>0,idle_time_ratio_summary[[#This Row],[human_idle_ratio_diff_nores_minus_dynamic]],0) -> 0 | R78: =IF(idle_time_ratio_summary[[#This Row],[human_idle_ratio_diff_nores_minus_dynamic]]<0,-idle_time_ratio_summary[[#This Row],[human_idle_ratio_diff_nores_minus_dynamic]],0) -> 0 | S78: =IF(idle_time_ratio_summary[[#This Row],[human_nores_idle_ratio_higher2]]>=0.05,1,0) -> 0
O79: =SUBTOTAL(109,idle_time_ratio_summary[robot_nores_idle_ratio_higher_effect])/71 -> 0.065633803 | P79: =SUBTOTAL(109,idle_time_ratio_summary[robot_dynamic_idle_ratio_higher_effect])/71 -> 0.0028169014 | Q79: =SUBTOTAL(109,idle_time_ratio_summary[human_nores_idle_ratio_higher_effect])/71 -> 0.004084507 | R79: =SUBTOTAL(109,idle_time_ratio_summary[human_nores_idle_ratio_higher2])/71 -> 0.032535211 | S79: =SUBTOTAL(109,idle_time_ratio_summary[human_nores_idle_ratio_higher5pct]) -> 19

Sheet batch_final_timeline_by_case
A1: case_id | B1: num_events | C1: offline_makespan | D1: final_nores_makespan | E1: final_dynamic_makespan | F1: final_nores_minus_dynamic | G1: dynamic_final_better | H1: nores_final_better | I1: tie | J1: comparison_rule | K1: tie_tolerance_seconds | L1: final_comparison_png | M1: output_dir | N1: human_nores_idle_ratio_higher | O1: robot_nores_idle_ratio_higher
A2: 20260618_145723 | B2: 0 | C2: 72.63 | D2: 67.78 | E2: 67.79 | F2: -0.01 | G2: 0 | H2: 0 | I2: 1 | J2: no_failure_tolerance | K2: 0.1 | L2: C:\Users\c2466\Desktop\task_monitor\batch_real_nores_outputs\20260618_145723\comparison_gantt.png | M2: C:\Users\c2466\Desktop\task_monitor\batch_real_nores_outputs\20260618_145723 | N2: =_xlfn.XLOOKUP(A2,idle_time_ratio_summary!A:A,idle_time_ratio_summary!G:G,"") -> 0 | O2: =_xlfn.XLOOKUP(A2,idle_time_ratio_summary!A:A,idle_time_ratio_summary!M:M,"") -> 0
A3: 20260618_151245 | B3: 0 | C3: 72.63 | D3: 67.89 | E3: 67.91 | F3: -0.02 | G3: 0 | H3: 0 | I3: 1 | J3: no_failure_tolerance | K3: 0.1 | L3: C:\Users\c2466\Desktop\task_monitor\batch_real_nores_outputs\20260618_151245\comparison_gantt.png | M3: C:\Users\c2466\Desktop\task_monitor\batch_real_nores_outputs\20260618_151245 | N3: =_xlfn.XLOOKUP(A3,idle_time_ratio_summary!A:A,idle_time_ratio_summary!G:G,"") -> 0 | O3: =_xlfn.XLOOKUP(A3,idle_time_ratio_summary!A:A,idle_time_ratio_summary!M:M,"") -> 0
A4: 20260621_172052 | B4: 0 | C4: 72.63 | D4: 67.72 | E4: 67.72 | F4: 0 | G4: 0 | H4: 0 | I4: 1 | J4: no_failure_tolerance | K4: 0.1 | L4: C:\Users\c2466\Desktop\task_monitor\batch_real_nores_outputs\20260621_172052\comparison_gantt.png | M4: C:\Users\c2466\Desktop\task_monitor\batch_real_nores_outputs\20260621_172052 | N4: =_xlfn.XLOOKUP(A4,idle_time_ratio_summary!A:A,idle_time_ratio_summary!G:G,"") -> 0 | O4: =_xlfn.XLOOKUP(A4,idle_time_ratio_summary!A:A,idle_time_ratio_summary!M:M,"") -> 0
A5: 20260621_175246 | B5: 0 | C5: 72.63 | D5: 67.92 | E5: 67.96 | F5: -0.04 | G5: 0 | H5: 0 | I5: 1 | J5: no_failure_tolerance | K5: 0.1 | L5: C:\Users\c2466\Desktop\task_monitor\batch_real_nores_outputs\20260621_175246\comparison_gantt.png | M5: C:\Users\c2466\Desktop\task_monitor\batch_real_nores_outputs\20260621_175246 | N5: =_xlfn.XLOOKUP(A5,idle_time_ratio_summary!A:A,idle_time_ratio_summary!G:G,"") -> 0 | O5: =_xlfn.XLOOKUP(A5,idle_time_ratio_summary!A:A,idle_time_ratio_summary!M:M,"") -> 0
A6: 20260621_193120 | B6: 0 | C6: 72.63 | D6: 68.39 | E6: 68.42 | F6: -0.03 | G6: 0 | H6: 0 | I6: 1 | J6: no_failure_tolerance | K6: 0.1 | L6: C:\Users\c2466\Desktop\task_monitor\batch_real_nores_outputs\20260621_193120\comparison_gantt.png | M6: C:\Users\c2466\Desktop\task_monitor\batch_real_nores_outputs\20260621_193120 | N6: =_xlfn.XLOOKUP(A6,idle_time_ratio_summary!A:A,idle_time_ratio_summary!G:G,"") -> 0 | O6: =_xlfn.XLOOKUP(A6,idle_time_ratio_summary!A:A,idle_time_ratio_summary!M:M,"") -> 0
A7: 20260621_170757 | B7: 1 | C7: 72.63 | D7: 67.85 | E7: 65.35 | F7: 2.5 | G7: 1 | H7: 0 | I7: 0 | J7: failure_case_exact_difference | K7: 0 | L7: C:\Users\c2466\Desktop\task_monitor\batch_real_nores_outputs\20260621_170757\comparison_gantt.png | M7: C:\Users\c2466\Desktop\task_monitor\batch_real_nores_outputs\20260621_170757 | N7: =_xlfn.XLOOKUP(A7,idle_time_ratio_summary!A:A,idle_time_ratio_summary!G:G,"") -> 1 | O7: =_xlfn.XLOOKUP(A7,idle_time_ratio_summary!A:A,idle_time_ratio_summary!M:M,"") -> 1
A8: 20260621_171234 | B8: 1 | C8: 72.63 | D8: 67.93 | E8: 65.52 | F8: 2.41 | G8: 1 | H8: 0 | I8: 0 | J8: failure_case_exact_difference | K8: 0 | L8: C:\Users\c2466\Desktop\task_monitor\batch_real_nores_outputs\20260621_171234\comparison_gantt.png | M8: C:\Users\c2466\Desktop\task_monitor\batch_real_nores_outputs\20260621_171234 | N8: =_xlfn.XLOOKUP(A8,idle_time_ratio_summary!A:A,idle_time_ratio_summary!G:G,"") -> 1 | O8: =_xlfn.XLOOKUP(A8,idle_time_ratio_summary!A:A,idle_time_ratio_summary!M:M,"") -> 1
A9: 20260621_171649 | B9: 1 | C9: 72.63 | D9: 67.84 | E9: 65.87 | F9: 1.97 | G9: 1 | H9: 0 | I9: 0 | J9: failure_case_exact_difference | K9: 0 | L9: C:\Users\c2466\Desktop\task_monitor\batch_real_nores_outputs\20260621_171649\comparison_gantt.png | M9: C:\Users\c2466\Desktop\task_monitor\batch_real_nores_outputs\20260621_171649 | N9: =_xlfn.XLOOKUP(A9,idle_time_ratio_summary!A:A,idle_time_ratio_summary!G:G,"") -> 1 | O9: =_xlfn.XLOOKUP(A9,idle_time_ratio_summary!A:A,idle_time_ratio_summary!M:M,"") -> 1
A10: 20260621_172604 | B10: 1 | C10: 72.63 | D10: 67.71 | E10: 63.7 | F10: 4.01 | G10: 1 | H10: 0 | I10: 0 | J10: failure_case_exact_difference | K10: 0 | L10: C:\Users\c2466\Desktop\task_monitor\batch_real_nores_outputs\20260621_172604\comparison_gantt.png | M10: C:\Users\c2466\Desktop\task_monitor\batch_real_nores_outputs\20260621_172604 | N10: =_xlfn.XLOOKUP(A10,idle_time_ratio_summary!A:A,idle_time_ratio_summary!G:G,"") -> 1 | O10: =_xlfn.XLOOKUP(A10,idle_time_ratio_summary!A:A,idle_time_ratio_summary!M:M,"") -> 1
A11: 20260621_185411 | B11: 1 | C11: 72.63 | D11: 68.34 | E11: 67.65 | F11: 0.69 | G11: 1 | H11: 0 | I11: 0 | J11: failure_case_exact_difference | K11: 0 | L11: C:\Users\c2466\Desktop\task_monitor\batch_real_nores_outputs\20260621_185411\comparison_gantt.png | M11: C:\Users\c2466\Desktop\task_monitor\batch_real_nores_outputs\20260621_185411 | N11: =_xlfn.XLOOKUP(A11,idle_time_ratio_summary!A:A,idle_time_ratio_summary!G:G,"") -> 0 | O11: =_xlfn.XLOOKUP(A11,idle_time_ratio_summary!A:A,idle_time_ratio_summary!M:M,"") -> 1
A12: 20260621_212643 | B12: 1 | C12: 72.63 | D12: 67.85 | E12: 66.56 | F12: 1.29 | G12: 1 | H12: 0 | I12: 0 | J12: failure_case_exact_difference | K12: 0 | L12: C:\Users\c2466\Desktop\task_monitor\batch_real_nores_outputs\20260621_212643\comparison_gantt.png | M12: C:\Users\c2466\Desktop\task_monitor\batch_real_nores_outputs\20260621_212643 | N12: =_xlfn.XLOOKUP(A12,idle_time_ratio_summary!A:A,idle_time_ratio_summary!G:G,"") -> 1 | O12: =_xlfn.XLOOKUP(A12,idle_time_ratio_summary!A:A,idle_time_ratio_summary!M:M,"") -> 1
A13: 20260621_222707 | B13: 1 | C13: 72.63 | D13: 68.34 | E13: 68.64 | F13: -0.3 | G13: 0 | H13: 1 | I13: 0 | J13: failure_case_exact_difference | K13: 0 | L13: C:\Users\c2466\Desktop\task_monitor\batch_real_nores_outputs\20260621_222707\comparison_gantt.png | M13: C:\Users\c2466\Desktop\task_monitor\batch_real_nores_outputs\20260621_222707 | N13: =_xlfn.XLOOKUP(A13,idle_time_ratio_summary!A:A,idle_time_ratio_summary!G:G,"") -> 0 | O13: =_xlfn.XLOOKUP(A13,idle_time_ratio_summary!A:A,idle_time_ratio_summary!M:M,"") -> 0
... A77: 20260617_220342 | B77: 27 | C77: 72.63 | D77: 169.9192 | E77: 166.98 | F77: 2.9392 | G77: 1 | H77: 0 | I77: 0 | J77: failure_case_exact_difference | K77: 0 | L77: C:\Users\c2466\Desktop\task_monitor\batch_real_nores_outputs\20260617_220342\comparison_gantt.png | M77: C:\Users\c2466\Desktop\task_monitor\batch_real_nores_outputs\20260617_220342 | N77: =_xlfn.XLOOKUP(A77,idle_time_ratio_summary!A:A,idle_time_ratio_summary!G:G,"") -> 0 | O77: =_xlfn.XLOOKUP(A77,idle_time_ratio_summary!A:A,idle_time_ratio_summary!M:M,"") -> 1

Sheet batch_event_summary
A1: case_id | B1: step_idx | C1: failure_type | D1: decision_time | E1: csv_delay_time | F1: actual_incremental_delay | G1: applied_nores_delay | H1: delay_source | I1: nores_makespan | J1: dynamic_makespan_after_event | K1: nores_minus_dynamic | L1: target_task | M1: t1 | N1: t2 | O1: earlier_task | P1: later_task | Q1: order_base_duration | R1: order_required_task_actual_duration | S1: order_wrong_first_task_actual_duration | T1: order_later_standard_duration | U1: order_compensation_upper | V1: released_previous_delay | W1: observed_order_extra_delay
A2: 20260616_163957 | B2: 1 | C2: delay | D2: 14.858661 | E2: 2.9619 | F2: 2.97 | G2: 0 | H2: real_gantt_duration_synchronized | I2: 76.64 | J2: 76.77 | K2: -0.13 | L2: 5
A3: 20260616_163957 | B3: 2 | C3: delay | D3: 28.050393 | E3: 2.9619 | F3: 2.97 | G3: 0 | H3: real_gantt_duration_synchronized | I3: 76.8 | J3: 77.03 | K3: -0.23 | L3: 9
A4: 20260616_163957 | B4: 3 | C4: order | D4: 32.836813 | E4: 0 | F4: 0 | G4: 3.35 | H4: order_wrong_first_actual_plus_fixed_3.35_on_earlier_task | I4: 78.19 | J4: 75.39 | K4: 2.8 | L4: 10 | M4: 10 | N4: 12 | O4: 10 | P4: 12 | Q4: 3.28 | R4: 3.59 | S4: 3.28 | T4: 3.4638 | U4: 3.35 | V4: 0.18 | W4: 0
A5: 20260616_163957 | B5: 4 | C5: delay | D5: 36.474332 | E5: 1.797 | F5: 1.8 | G5: 0 | H5: real_gantt_duration_synchronized | I5: 76.95 | J5: 77.19 | K5: -0.24 | L5: 10
A6: 20260616_163957 | B6: 5 | C6: delay | D6: 55.80129 | E6: 1.7319 | F6: 1.74 | G6: 0 | H6: real_gantt_duration_synchronized | I6: 74.62 | J6: 74.26 | K6: 0.36 | L6: 18
A7: 20260616_163957 | B7: 6 | C7: order | D7: 56.863608 | E7: 0 | F7: 0.94 | G7: 3.35 | H7: order_wrong_first_actual_plus_fixed_3.35_on_earlier_task | I7: 77.304 | J7: 73.46 | K7: 3.844 | L7: 18 | M7: 18 | N7: 19 | O7: 18 | P7: 19 | Q7: 4.53 | R7: 3.46 | S7: 4.53 | T7: 3.594 | U7: 3.35 | V7: 1.74 | W7: 0.94
A8: 20260616_163957 | B8: 7 | C8: order | D8: 67.570381 | E8: 0 | F8: 0 | G8: 3.35 | H8: order_wrong_first_actual_plus_fixed_3.35_on_earlier_task | I8: 77.834 | J8: 71.19 | K8: 6.644 | L8: 22 | M8: 22 | N8: 23 | O8: 22 | P8: 23 | Q8: 3.05 | R8: 3.62 | S8: 3.05 | T8: 3.594 | U8: 3.35 | V8: 0.54 | W8: 0
A9: 20260616_163957 | B9: 8 | C9: delay | D9: 71.203735 | E9: 1.8096 | F9: 1.81 | G9: 0 | H9: real_gantt_duration_synchronized | I9: 76.864 | J9: 73 | K9: 3.864 | L9: 22
A10: 20260616_163957 | B10: 9 | C10: delay | D10: 73.055706 | E10: 3.6192 | F10: 3.62 | G10: 0 | H10: real_gantt_duration_synchronized | I10: 80.484 | J10: 76.62 | K10: 3.864 | L10: 22
A11: 20260616_165213 | B11: 1 | C11: delay | D11: 16.384078 | E11: 1.797 | F11: 1.8 | G11: 0 | H11: real_gantt_duration_synchronized | I11: 73.41 | J11: 73.55 | K11: -0.14 | L11: 8
A12: 20260616_165213 | B12: 2 | C12: delay | D12: 18.20122 | E12: 3.594 | F12: 3.6 | G12: 0 | H12: real_gantt_duration_synchronized | I12: 77.01 | J12: 77.14 | K12: -0.13 | L12: 8
A13: 20260616_165213 | B13: 3 | C13: order | D13: 20.065596 | E13: 0 | F13: 3.86 | G13: 3.35 | H13: order_wrong_first_actual_plus_fixed_3.35_on_earlier_task | I13: 78.6938 | J13: 75.6 | K13: 3.0938 | L13: 8 | M13: 8 | N13: 6 | O13: 8 | P13: 6 | Q13: 7.32 | R13: 3.59 | S13: 7.32 | T13: 3.4638 | U13: 3.35 | V13: 5.4 | W13: 3.86
A14: 20260616_165213 | B14: 4 | C14: order | D14: 28.875026 | E14: 0 | F14: 0 | G14: 3.35 | H14: order_wrong_first_actual_plus_fixed_3.35_on_earlier_task | I14: 77.6238 | J14: 71.43 | K14: 6.1938 | L14: 10 | M14: 10 | N14: 12 | O14: 10 | P14: 12 | Q14: 2.22 | R14: 3.59 | S14: 2.22 | T14: 3.4638 | U14: 3.35 | V14: 1.24 | W14: 0
A15: 20260616_165213 | B15: 5 | C15: delay | D15: 41.343744 | E15: 1.79 | F15: 1.79 | G15: 0 | H15: real_gantt_duration_synchronized | I15: 77.9838 | J15: 72.49 | K15: 5.4938 | L15: 14
A16: 20260616_165213 | B16: 6 | C16: order | D16: 51.970007 | E16: 0 | F16: 0 | G16: 3.35 | H16: order_wrong_first_actual_plus_fixed_3.35_on_earlier_task | I16: 76.8138 | J16: 68.57 | K16: 8.2438 | L16: 18 | M16: 18 | N16: 19 | O16: 18 | P16: 19 | Q16: 3.04 | R16: 3.46 | S16: 3.04 | T16: 3.594 | U16: 3.35 | V16: 0.55 | W16: 0
A17: 20260616_165213 | B17: 7 | C17: delay | D17: 55.436669 | E17: 1.7319 | F17: 1.74 | G17: 0 | H17: real_gantt_duration_synchronized | I17: 75.6238 | J17: 70.3 | K17: 5.3238 | L17: 18
A18: 20260616_165213 | B18: 8 | C18: delay | D18: 62.271257 | E18: 2.9619 | F18: 2.97 | G18: 0 | H18: real_gantt_duration_synchronized | I18: 78.5938 | J18: 72.36 | K18: 6.2338 | L18: 21
A19: 20260616_165213 | B19: 9 | C19: delay | D19: 67.272864 | E19: 1.8096 | F19: 1.81 | G19: 0 | H19: real_gantt_duration_synchronized | I19: 78.7838 | J19: 72.64 | K19: 6.1438 | L19: 22
A20: 20260616_165213 | B20: 10 | C20: delay | D20: 72.496335 | E20: 1.797 | F20: 1.8 | G20: 0 | H20: real_gantt_duration_synchronized | I20: 80.2938 | J20: 74.21 | K20: 6.0838 | L20: 23
A21: 20260617_161127 | B21: 1 | C21: delay | D21: 17.060505 | E21: 1.797 | F21: 1.8 | G21: 0 | H21: real_gantt_duration_synchronized | I21: 74.19 | J21: 74.25 | K21: -0.06 | L21: 8
A22: 20260617_161127 | B22: 2 | C22: order | D22: 17.693304 | E22: 0 | F22: 0.78 | G22: 3.35 | H22: order_wrong_first_actual_plus_fixed_3.35_on_earlier_task | I22: 76.3938 | J22: 73.23 | K22: 3.1638 | L22: 8 | M22: 8 | N22: 6 | O22: 8 | P22: 6 | Q22: 4.24 | R22: 3.59 | S22: 4.24 | T22: 3.4638 | U22: 3.35 | V22: 1.8 | W22: 0.78
A23: 20260617_161127 | B23: 3 | C23: delay | D23: 29.531099 | E23: 1.7319 | F23: 1.74 | G23: 0 | H23: real_gantt_duration_synchronized | I23: 78.0238 | J23: 73.81 | K23: 4.2138 | L23: 12
A24: 20260617_161127 | B24: 4 | C24: delay | D24: 31.254966 | E24: 3.4638 | F24: 3.46 | G24: 0 | H24: real_gantt_duration_synchronized | I24: 81.4838 | J24: 77.27 | K24: 4.2138 | L24: 12
A25: 20260617_161127 | B25: 5 | C25: order | D25: 33.823369 | E25: 0 | F25: 4.18 | G25: 3.35 | H25: order_wrong_first_actual_plus_fixed_3.35_on_earlier_task | I25: 79.5076 | J25: 76.25 | K25: 3.2576 | L25: 10 | M25: 12 | N25: 10 | O25: 10 | P25: 12 | Q25: 3.46 | R25: 7.77 | S25: 3.46 | T25: 3.4638 | U25: 3.35 | V25: 5.2 | W25: 4.18
A26: 20260617_161127 | B26: 6 | C26: delay | D26: 47.69979 | E26: 1.79 | F26: 1.79 | G26: 0 | H26: real_gantt_duration_synchronized | I26: 80.9076 | J26: 75.56 | K26: 5.3476 | L26: 14
A27: 20260617_161127 | B27: 7 | C27: delay | D27: 56.865104 | E27: 1.7319 | F27: 1.74 | G27: 0 | H27: real_gantt_duration_synchronized | I27: 80.5876 | J27: 75.31 | K27: 5.2776 | L27: 18
A28: 20260617_161127 | B28: 8 | C28: delay | D28: 58.630231 | E28: 3.4638 | F28: 3.46 | G28: 0 | H28: real_gantt_duration_synchronized | I28: 84.0476 | J28: 78.78 | K28: 5.2676 | L28: 18
A29: 20260617_161127 | B29: 9 | C29: delay | D29: 63.184494 | E29: 1.797 | F29: 1.8 | G29: 0 | H29: real_gantt_duration_synchronized | I29: 83.3076 | J29: 78.07 | K29: 5.2376 | L29: 19
A30: 20260617_161127 | B30: 10 | C30: delay | D30: 64.967644 | E30: 3.594 | F30: 3.59 | G30: 0 | H30: real_gantt_duration_synchronized | I30: 86.8976 | J30: 81.66 | K30: 5.2376 | L30: 19
A31: 20260617_161127 | B31: 11 | C31: delay | D31: 68.592989 | E31: 7.188 | F31: 7.19 | G31: 0 | H31: real_gantt_duration_synchronized | I31: 94.0876 | J31: 88.85 | K31: 5.2376 | L31: 19
A32: 20260617_161127 | B32: 12 | C32: delay | D32: 75.274171 | E32: 2.9619 | F32: 2.97 | G32: 0 | H32: real_gantt_duration_synchronized | I32: 90.5876 | J32: 85.41 | K32: 5.1776 | L32: 21
A33: 20260617_161127 | B33: 13 | C33: delay | D33: 78.205221 | E33: 5.9238 | F33: 5.92 | G33: 0 | H33: real_gantt_duration_synchronized | I33: 96.5076 | J33: 91.33 | K33: 5.1776 | L33: 21
A34: 20260617_161127 | B34: 14 | C34: delay | D34: 84.158118 | E34: 11.8476 | F34: 11.85 | G34: 0 | H34: real_gantt_duration_synchronized | I34: 108.3576 | J34: 103.18 | K34: 5.1776 | L34: 21
A35: 20260617_161127 | B35: 15 | C35: delay | D35: 88.993244 | E35: 1.797 | F35: 1.8 | G35: 0 | H35: real_gantt_duration_synchronized | I35: 99.5176 | J35: 94.37 | K35: 5.1476 | L35: 23
A36: 20260617_161833 | B36: 1 | C36: order | D36: 16.974185 | E36: 0 | F36: 0 | G36: 3.35 | H36: order_wrong_first_actual_plus_fixed_3.35_on_earlier_task | I36: 75.41 | J36: 72.38 | K36: 3.03 | L36: 6 | M36: 6 | N36: 8 | O36: 6 | P36: 8 | Q36: 3.2 | R36: 3.46 | S36: 3.2 | T36: 3.594 | U36: 3.35 | V36: 0.39 | W36: 0
A37: 20260617_161833 | B37: 2 | C37: delay | D37: 27.657612 | E37: 1.797 | F37: 1.8 | G37: 0 | H37: real_gantt_duration_synchronized | I37: 76.26 | J37: 71.83 | K37: 4.43 | L37: 10
A38: 20260617_161833 | B38: 3 | C38: delay | D38: 29.432825 | E38: 3.594 | F38: 3.59 | G38: 0 | H38: real_gantt_duration_synchronized | I38: 79.85 | J38: 75.43 | K38: 4.42 | L38: 10
A39: 20260617_161833 | B39: 4 | C39: delay | D39: 33.042377 | E39: 7.188 | F39: 7.19 | G39: 0 | H39: real_gantt_duration_synchronized | I39: 87.0438 | J39: 80.28 | K39: 6.7638 | L39: 10
A40: 20260617_162610 | B40: 1 | C40: delay | D40: 17.853979 | E40: 1.797 | F40: 1.8 | G40: 0 | H40: real_gantt_duration_synchronized | I40: 74.92 | J40: 74.98 | K40: -0.06 | L40: 8
A41: 20260617_162610 | B41: 2 | C41: order | D41: 18.657438 | E41: 0 | F41: 1.01 | G41: 3.35 | H41: order_wrong_first_actual_plus_fixed_3.35_on_earlier_task | I41: 77.3538 | J41: 74.19 | K41: 3.1638 | L41: 8 | M41: 8 | N41: 6 | O41: 8 | P41: 6 | Q41: 4.47 | R41: 3.59 | S41: 4.47 | T41: 3.4638 | U41: 3.35 | V41: 1.8 | W41: 1.01
A42: 20260617_162610 | B42: 3 | C42: delay | D42: 30.439923 | E42: 1.797 | F42: 1.8 | G42: 0 | H42: real_gantt_duration_synchronized | I42: 78.4738 | J42: 74.65 | K42: 3.8238 | L42: 10
A43: 20260617_162610 | B43: 4 | C43: order | D43: 31.89905 | E43: 0 | F43: 1.6 | G43: 3.35 | H43: order_wrong_first_actual_plus_fixed_3.35_on_earlier_task | I43: 81.4976 | J43: 74.45 | K43: 7.0476 | L43: 10 | M43: 10 | N43: 12 | O43: 10 | P43: 12 | Q43: 5.06 | R43: 3.59 | S43: 5.06 | T43: 3.4638 | U43: 3.35 | V43: 1.8 | W43: 1.6
A44: 20260617_162610 | B44: 5 | C44: delay | D44: 42.734302 | E44: 1.79 | F44: 1.79 | G44: 0 | H44: real_gantt_duration_synchronized | I44: 81.8376 | J44: 73.96 | K44: 7.8776 | L44: 14
A45: 20260617_162610 | B45: 6 | C45: delay | D45: 47.237831 | E45: 1.6689 | F45: 1.67 | G45: 0 | H45: real_gantt_duration_synchronized | I45: 82.8276 | J45: 74.99 | K45: 7.8376 | L45: 15
A46: 20260617_162610 | B46: 7 | C46: delay | D46: 56.859544 | E46: 1.7319 | F46: 1.74 | G46: 0 | H46: real_gantt_duration_synchronized | I46: 83.0376 | J46: 75.3 | K46: 7.7376 | L46: 18
A47: 20260617_162610 | B47: 8 | C47: delay | D47: 58.60352 | E47: 3.4638 | F47: 3.46 | G47: 0 | H47: real_gantt_duration_synchronized | I47: 86.4976 | J47: 78.76 | K47: 7.7376 | L47: 18
A48: 20260617_162610 | B48: 9 | C48: delay | D48: 62.049927 | E48: 6.9276 | F48: 6.93 | G48: 0 | H48: real_gantt_duration_synchronized | I48: 93.4316 | J48: 83.04 | K48: 10.3916 | L48: 18
A49: 20260617_162610 | B49: 10 | C49: delay | D49: 69.012463 | E49: 6.9276 | F49: 6.92 | G49: 0 | H49: real_gantt_duration_synchronized | I49: 100.3516 | J49: 89.02 | K49: 11.3316 | L49: 18
A50: 20260617_162610 | B50: 11 | C50: delay | D50: 79.493424 | E50: 1.797 | F50: 1.8 | G50: 0 | H50: real_gantt_duration_synchronized | I50: 96.0916 | J50: 84.9 | K50: 11.1916 | L50: 23
A51: 20260617_163225 | B51: 1 | C51: delay | D51: 7.6345704 | E51: 1.8096 | F51: 1.81 | G51: 0 | H51: real_gantt_duration_synchronized | I51: 74.25 | J51: 74.31 | K51: -0.06 | L51: 3
A52: 20260617_163225 | B52: 2 | C52: delay | D52: 17.775181 | E52: 1.797 | F52: 1.8 | G52: 0 | H52: real_gantt_duration_synchronized | I52: 74.86 | J52: 74.92 | K52: -0.06 | L52: 8
A53: 20260617_163225 | B53: 3 | C53: delay | D53: 19.550923 | E53: 3.594 | F53: 3.6 | G53: 0 | H53: real_gantt_duration_synchronized | I53: 78.46 | J53: 78.52 | K53: -0.06 | L53: 8
A54: 20260617_163225 | B54: 4 | C54: delay | D54: 23.153183 | E54: 7.188 | F54: 7.18 | G54: 0 | H54: real_gantt_duration_synchronized | I54: 85.6438 | J54: 83.37 | K54: 2.2738 | L54: 8
A55: 20260617_163225 | B55: 5 | C55: delay | D55: 41.152162 | E55: 1.797 | F55: 1.8 | G55: 0 | H55: real_gantt_duration_synchronized | I55: 83.0538 | J55: 85.37 | K55: -2.3162 | L55: 10
... A57: 20260617_163225 | B57: 7 | C57: delay | D57: 54.193218 | E57: 1.6689 | F57: 1.67 | G57: 0 | H57: real_gantt_duration_synchronized | I57: 83.1138 | J57: 85.53 | K57: -2.4162 | L57: 15
A58: 20260617_163225 | B58: 8 | C58: order | D58: 54.835202 | E58: 0 | F58: 0.43 | G58: 3.35 | H58: order_wrong_first_actual_plus_fixed_3.35_on_earlier_task | I58: 85.4638 | J58: 84.29 | K58: 1.1738 | L58: 15 | M58: 15 | N58: 14 | O58: 15 | P58: 14 | Q58: 4.01 | R58: 3.34 | S58: 4.01 | T58: 3.58 | U58: 3.35 | V58: 1.67 | W58: 0.43
A59: 20260617_163225 | B59: 9 | C59: delay | D59: 67.799096 | E59: 1.7319 | F59: 1.74 | G59: 0 | H59: real_gantt_duration_synchronized | I59: 86.4138 | J59: 86.24 | K59: 0.1738 | L59: 18
A60: 20260617_163225 | B60: 10 | C60: delay | D60: 81.098859 | E60: 1.8096 | F60: 1.81 | G60: 0 | H60: real_gantt_duration_synchronized | I60: 86.5238 | J60: 86.47 | K60: 0.0538 | L60: 22
A61: 20260617_163852 | B61: 1 | C61: delay | D61: 27.070292 | E61: 1.797 | F61: 1.8 | G61: 0 | H61: real_gantt_duration_synchronized | I61: 71.08 | J61: 71.25 | K61: -0.17 | L61: 10
A62: 20260617_163852 | B62: 2 | C62: delay | D62: 28.853118 | E62: 3.594 | F62: 3.59 | G62: 0 | H62: real_gantt_duration_synchronized | I62: 74.67 | J62: 74.84 | K62: -0.17 | L62: 10
A63: 20260617_163852 | B63: 3 | C63: delay | D63: 32.454101 | E63: 7.188 | F63: 7.19 | G63: 0 | H63: real_gantt_duration_synchronized | I63: 81.8638 | J63: 79.69 | K63: 2.1738 | L63: 10
A64: 20260617_163852 | B64: 4 | C64: delay | D64: 60.325541 | E64: 1.7319 | F64: 1.74 | G64: 0 | H64: real_gantt_duration_synchronized | I64: 74.5538 | J64: 78.78 | K64: -4.2262 | L64: 18
A65: 20260617_163852 | B65: 5 | C65: delay | D65: 62.069845 | E65: 3.4638 | F65: 3.46 | G65: 0 | H65: real_gantt_duration_synchronized | I65: 78.0138 | J65: 82.24 | K65: -4.2262 | L65: 18
A66: 20260617_163852 | B66: 6 | C66: delay | D66: 65.561214 | E66: 6.9276 | F66: 6.93 | G66: 0 | H66: real_gantt_duration_synchronized | I66: 84.9478 | J66: 86.55 | K66: -1.6022 | L66: 18
A67: 20260617_163852 | B67: 7 | C67: delay | D67: 82.5929 | E67: 1.8096 | F67: 1.81 | G67: 0 | H67: real_gantt_duration_synchronized | I67: 81.2278 | J67: 87.99 | K67: -6.7622 | L67: 22
A68: 20260617_164554 | B68: 1 | C68: delay | D68: 30.572076 | E68: 1.7319 | F68: 1.74 | G68: 0 | H68: real_gantt_duration_synchronized | I68: 70.86 | J68: 71.26 | K68: -0.4 | L68: 12
A69: 20260617_164554 | B69: 2 | C69: delay | D69: 49.311406 | E69: 1.7319 | F69: 1.74 | G69: 0 | H69: real_gantt_duration_synchronized | I69: 69.06 | J69: 67.77 | K69: 1.29 | L69: 18
A70: 20260617_164554 | B70: 3 | C70: delay | D70: 51.125124 | E70: 3.4638 | F70: 3.46 | G70: 0 | H70: real_gantt_duration_synchronized | I70: 72.52 | J70: 71.23 | K70: 1.29 | L70: 18
... A79: 20260617_170735 | B79: 3 | C79: delay | D79: 53.926731 | E79: 3.4638 | F79: 3.46 | G79: 0 | H79: real_gantt_duration_synchronized | I79: 72.76 | J79: 74.04 | K79: -1.28 | L79: 18
A80: 20260617_170735 | B80: 4 | C80: order | D80: 55.285275 | E80: 0 | F80: 3.04 | G80: 3.35 | H80: order_wrong_first_actual_plus_fixed_3.35_on_earlier_task | I80: 74.084 | J80: 71.89 | K80: 2.194 | L80: 18 | M80: 18 | N80: 19 | O80: 18 | P80: 19 | Q80: 6.63 | R80: 3.46 | S80: 6.63 | T80: 3.594 | U80: 3.35 | V80: 5.2 | W80: 3.04
A81: 20260617_170735 | B81: 5 | C81: delay | D81: 58.7683 | E81: 6.9276 | F81: 6.93 | G81: 0 | H81: real_gantt_duration_synchronized | I81: 74.494 | J81: 78.81 | K81: -4.316 | L81: 18
A82: 20260617_214847 | B82: 1 | C82: delay | D82: 4.0528812 | E82: 1.9965 | F82: 2 | G82: 0 | H82: real_gantt_duration_synchronized | I82: 74.49 | J82: 74.53 | K82: -0.04 | L82: 2
A83: 20260617_214847 | B83: 2 | C83: delay | D83: 8.6344118 | E83: 1.8096 | F83: 1.81 | G83: 0 | H83: real_gantt_duration_synchronized | I83: 75.29 | J83: 75.36 | K83: -0.07 | L83: 3
A84: 20260617_214847 | B84: 3 | C84: delay | D84: 10.4547 | E84: 3.6192 | F84: 3.62 | G84: 0 | H84: real_gantt_duration_synchronized | I84: 78.91 | J84: 78.98 | K84: -0.07 | L84: 3
A85: 20260617_214847 | B85: 4 | C85: delay | D85: 20.962216 | E85: 1.797 | F85: 1.8 | G85: 0 | H85: real_gantt_duration_synchronized | I85: 77.95 | J85: 78.11 | K85: -0.16 | L85: 8
A86: 20260617_214847 | B86: 5 | C86: delay | D86: 25.794216 | E86: 1.7319 | F86: 1.74 | G86: 0 | H86: real_gantt_duration_synchronized | I86: 79.26 | J86: 79.44 | K86: -0.18 | L86: 6
A87: 20260617_214847 | B87: 6 | C87: delay | D87: 27.51474 | E87: 3.4638 | F87: 3.46 | G87: 0 | H87: real_gantt_duration_synchronized | I87: 82.72 | J87: 82.9 | K87: -0.18 | L87: 6
A88: 20260617_214847 | B88: 7 | C88: delay | D88: 31.019197 | E88: 6.9276 | F88: 6.93 | G88: 0 | H88: real_gantt_duration_synchronized | I88: 89.65 | J88: 89.83 | K88: -0.18 | L88: 6
A89: 20260617_214847 | B89: 8 | C89: delay | D89: 43.100737 | E89: 1.797 | F89: 1.8 | G89: 0 | H89: real_gantt_duration_synchronized | I89: 87.01 | J89: 87.28 | K89: -0.27 | L89: 10
A90: 20260617_214847 | B90: 9 | C90: delay | D90: 44.854789 | E90: 3.594 | F90: 3.59 | G90: 0 | H90: real_gantt_duration_synchronized | I90: 90.6 | J90: 90.87 | K90: -0.27 | L90: 10
A91: 20260617_214847 | B91: 10 | C91: delay | D91: 57.027096 | E91: 1.79 | F91: 1.79 | G91: 0 | H91: real_gantt_duration_synchronized | I91: 87.86 | J91: 88.23 | K91: -0.37 | L91: 14
A92: 20260617_214847 | B92: 11 | C92: delay | D92: 58.796181 | E92: 3.58 | F92: 3.58 | G92: 0 | H92: real_gantt_duration_synchronized | I92: 91.44 | J92: 91.81 | K92: -0.37 | L92: 14
A93: 20260617_214847 | B93: 12 | C93: order | D93: 59.416816 | E93: 0 | F93: 2.67 | G93: 3.35 | H93: order_wrong_first_actual_plus_fixed_3.35_on_earlier_task | I93: 89.66 | J93: 89.12 | K93: 0.54 | L93: 15 | M93: 14 | N93: 15 | O93: 15 | P93: 14 | Q93: 3.58 | R93: 6.01 | S93: 3.58 | T93: 3.58 | U93: 3.35 | V93: 5.37 | W93: 2.67
A94: 20260617_214847 | B94: 13 | C94: delay | D94: 68.643822 | E94: 2.9619 | F94: 2.97 | G94: 0 | H94: real_gantt_duration_synchronized | I94: 92.63 | J94: 91.76 | K94: 0.87 | L94: 17
A95: 20260617_214847 | B95: 14 | C95: delay | D95: 73.363951 | E95: 1.7319 | F95: 1.74 | G95: 0 | H95: real_gantt_duration_synchronized | I95: 92.65 | J95: 91.8 | K95: 0.85 | L95: 18
A96: 20260617_214847 | B96: 15 | C96: delay | D96: 75.106309 | E96: 3.4638 | F96: 3.46 | G96: 0 | H96: real_gantt_duration_synchronized | I96: 96.11 | J96: 95.26 | K96: 0.85 | L96: 18
A97: 20260617_214847 | B97: 16 | C97: order | D97: 75.705541 | E97: 0 | F97: 2.24 | G97: 3.35 | H97: order_wrong_first_actual_plus_fixed_3.35_on_earlier_task | I97: 96.634 | J97: 92.31 | K97: 4.324 | L97: 18 | M97: 18 | N97: 19 | O97: 18 | P97: 19 | Q97: 5.83 | R97: 3.46 | S97: 5.83 | T97: 3.594 | U97: 3.35 | V97: 5.2 | W97: 2.24
A98: 20260617_214847 | B98: 17 | C98: delay | D98: 85.413041 | E98: 1.8096 | F98: 1.81 | G98: 0 | H98: real_gantt_duration_synchronized | I98: 97.284 | J98: 90.81 | K98: 6.474 | L98: 22
A99: 20260617_214847 | B99: 18 | C99: delay | D99: 87.238201 | E99: 3.6192 | F99: 3.62 | G99: 0 | H99: real_gantt_duration_synchronized | I99: 100.904 | J99: 94.42 | K99: 6.484 | L99: 22
A100: 20260617_214847 | B100: 19 | C100: order | D100: 88.161071 | E100: 0 | F100: 2.79 | G100: 3.35 | H100: order_wrong_first_actual_plus_fixed_3.35_on_earlier_task | I100: 101.588 | J100: 91.78 | K100: 9.808 | L100: 22 | M100: 22 | N100: 23 | O100: 22 | P100: 23 | Q100: 6.38 | R100: 3.62 | S100: 6.38 | T100: 3.594 | U100: 3.35 | V100: 5.43 | W100: 2.79
A101: 20260617_214847 | B101: 20 | C101: delay | D101: 91.809237 | E101: 7.2384 | F101: 7.24 | G101: 0 | H101: real_gantt_duration_synchronized | I101: 102.718 | J101: 99.02 | K101: 3.698 | L101: 22
A102: 20260617_215539 | B102: 1 | C102: delay | D102: 4.0400651 | E102: 1.9965 | F102: 2 | G102: 0 | H102: real_gantt_duration_synchronized | I102: 74.49 | J102: 74.53 | K102: -0.04 | L102: 2
A103: 20260617_215539 | B103: 2 | C103: delay | D103: 5.9951468 | E103: 3.993 | F103: 3.99 | G103: 0 | H103: real_gantt_duration_synchronized | I103: 78.48 | J103: 78.53 | K103: -0.05 | L103: 2
A104: 20260617_215539 | B104: 3 | C104: delay | D104: 10.015365 | E104: 7.986 | F104: 7.99 | G104: 0 | H104: real_gantt_duration_synchronized | I104: 86.4692 | J104: 83.17 | K104: 3.2992 | L104: 2
A105: 20260617_215539 | B105: 4 | C105: delay | D105: 24.748137 | E105: 2.9619 | F105: 2.97 | G105: 0 | H105: real_gantt_duration_synchronized | I105: 82.1292 | J105: 86.66 | K105: -4.5308 | L105: 5
A106: 20260617_215539 | B106: 5 | C106: delay | D106: 30.390141 | E106: 1.7319 | F106: 1.74 | G106: 0 | H106: real_gantt_duration_synchronized | I106: 83.0992 | J106: 87.65 | K106: -4.5508 | L106: 6
A107: 20260617_215539 | B107: 6 | C107: delay | D107: 32.121562 | E107: 3.4638 | F107: 3.46 | G107: 0 | H107: real_gantt_duration_synchronized | I107: 86.5592 | J107: 91.12 | K107: -4.5608 | L107: 6
A108: 20260617_215539 | B108: 7 | C108: delay | D108: 35.619853 | E108: 6.9276 | F108: 6.93 | G108: 0 | H108: real_gantt_duration_synchronized | I108: 93.4932 | J108: 95.42 | K108: -1.9268 | L108: 6
A109: 20260617_215539 | B109: 8 | C109: delay | D109: 53.53816 | E109: 1.797 | F109: 1.8 | G109: 0 | H109: real_gantt_duration_synchronized | I109: 91.9932 | J109: 97.71 | K109: -5.7168 | L109: 10
...

Sheet group_data
A1: caseID | B1: 失效次數 | C1: 失效任務個數 | D1: final_nores_makespan | E1: final_dynamic_makespan | F1: final_nores_minus_dynamic | G1: dynamic_final_better | H1: nores_final_better | I1: tie | J1: standardized_effect_rate | K1: effect_valid_5pct | L1: dynamic_effective_5pct | M1: human_nores_idle_ratio_higher | N1: robot_nores_idle_ratio_higher | O1: robot_nores_idle_ratio_higher_5pct | P1: failure_count_group | Q1: failure_count_group2 | R1: failed_task_count_group | S1: failed_task_count_group2 | T1: dynamic_better_effect_maksspan | U1: nores_better_effect_makespan
A2: 20260621_171234 | B2: 1 | C2: 1 | D2: =_xlfn.XLOOKUP(A2,batch_final_timeline_by_case!A:A,batch_final_timeline_by_case!D:D,"") -> 67.93 | E2: =_xlfn.XLOOKUP(A2,batch_final_timeline_by_case!A:A,batch_final_timeline_by_case!E:E,"") -> 65.52 | F2: =_xlfn.XLOOKUP(A2,batch_final_timeline_by_case!A:A,batch_final_timeline_by_case!F:F,"") -> 2.41 | G2: =_xlfn.XLOOKUP(A2,batch_final_timeline_by_case!A:A,batch_final_timeline_by_case!G:G,"") -> 1 | H2: =_xlfn.XLOOKUP(A2,batch_final_timeline_by_case!A:A,batch_final_timeline_by_case!H:H,"") -> 0 | I2: =_xlfn.XLOOKUP(A2,batch_final_timeline_by_case!A:A,batch_final_timeline_by_case!I:I,"") -> 0 | J2: =IF(D2=0,"",ABS(F2)/D2) -> 0.035477698 | K2: =IF(J2>=0.05,1,0) -> 0 | L2: =IF(AND(G2=1,K2=1),1,0) -> 0 | M2: =_xlfn.XLOOKUP(A2,idle_time_ratio_summary!A:A,idle_time_ratio_summary!G:G,"") -> 1 | N2: =_xlfn.XLOOKUP(A2,idle_time_ratio_summary!A:A,idle_time_ratio_summary!M:M,"") -> 1 | O2: =_xlfn.XLOOKUP(A2,idle_time_ratio_summary!A:A,idle_time_ratio_summary!N:N,"") -> 0 | P2: =IF(B2<=2,"1-2",IF(B2<=4,"3-4",IF(B2<=7,"5-7",IF(B2<=11,"8-11","12+")))) -> 1-2 | Q2: =IF(B2<=11,B2,IF(B2<20,"12-19","20+")) -> 1 | R2: =IF(C2<=3,"3-","4+") -> 3- | S2: =IF(C2<=7,C2,"8+") -> 1 | T2: =IF(G2=1,J2,0) -> 0.035477698 | U2: =IF(H2=1,ABS(F2)/E2,0) -> 0
A3: 20260621_222707 | B3: 1 | C3: 1 | D3: =_xlfn.XLOOKUP(A3,batch_final_timeline_by_case!A:A,batch_final_timeline_by_case!D:D,"") -> 68.34 | E3: =_xlfn.XLOOKUP(A3,batch_final_timeline_by_case!A:A,batch_final_timeline_by_case!E:E,"") -> 68.64 | F3: =_xlfn.XLOOKUP(A3,batch_final_timeline_by_case!A:A,batch_final_timeline_by_case!F:F,"") -> -0.3 | G3: =_xlfn.XLOOKUP(A3,batch_final_timeline_by_case!A:A,batch_final_timeline_by_case!G:G,"") -> 0 | H3: =_xlfn.XLOOKUP(A3,batch_final_timeline_by_case!A:A,batch_final_timeline_by_case!H:H,"") -> 1 | I3: =_xlfn.XLOOKUP(A3,batch_final_timeline_by_case!A:A,batch_final_timeline_by_case!I:I,"") -> 0 | J3: =IF(D3=0,"",ABS(F3)/D3) -> 0.0043898156 | K3: =IF(J3>=0.05,1,0) -> 0 | L3: =IF(AND(G3=1,K3=1),1,0) -> 0 | M3: =_xlfn.XLOOKUP(A3,idle_time_ratio_summary!A:A,idle_time_ratio_summary!G:G,"") -> 0 | N3: =_xlfn.XLOOKUP(A3,idle_time_ratio_summary!A:A,idle_time_ratio_summary!M:M,"") -> 0 | O3: =_xlfn.XLOOKUP(A3,idle_time_ratio_summary!A:A,idle_time_ratio_summary!N:N,"") -> 0 | P3: =IF(B3<=2,"1-2",IF(B3<=4,"3-4",IF(B3<=7,"5-7",IF(B3<=11,"8-11","12+")))) -> 1-2 | Q3: =IF(B3<=11,B3,IF(B3<20,"12-19","20+")) -> 1 | R3: =IF(C3<=3,"3-","4+") -> 3- | S3: =IF(C3<=7,C3,"8+") -> 1 | T3: =IF(G3=1,J3,0) -> 0 | U3: =IF(H3=1,ABS(F3)/E3,0) -> 0.0043706294
A4: 20260621_171649 | B4: 1 | C4: 1 | D4: =_xlfn.XLOOKUP(A4,batch_final_timeline_by_case!A:A,batch_final_timeline_by_case!D:D,"") -> 67.84 | E4: =_xlfn.XLOOKUP(A4,batch_final_timeline_by_case!A:A,batch_final_timeline_by_case!E:E,"") -> 65.87 | F4: =_xlfn.XLOOKUP(A4,batch_final_timeline_by_case!A:A,batch_final_timeline_by_case!F:F,"") -> 1.97 | G4: =_xlfn.XLOOKUP(A4,batch_final_timeline_by_case!A:A,batch_final_timeline_by_case!G:G,"") -> 1 | H4: =_xlfn.XLOOKUP(A4,batch_final_timeline_by_case!A:A,batch_final_timeline_by_case!H:H,"") -> 0 | I4: =_xlfn.XLOOKUP(A4,batch_final_timeline_by_case!A:A,batch_final_timeline_by_case!I:I,"") -> 0 | J4: =IF(D4=0,"",ABS(F4)/D4) -> 0.029038915 | K4: =IF(J4>=0.05,1,0) -> 0 | L4: =IF(AND(G4=1,K4=1),1,0) -> 0 | M4: =_xlfn.XLOOKUP(A4,idle_time_ratio_summary!A:A,idle_time_ratio_summary!G:G,"") -> 1 | N4: =_xlfn.XLOOKUP(A4,idle_time_ratio_summary!A:A,idle_time_ratio_summary!M:M,"") -> 1 | O4: =_xlfn.XLOOKUP(A4,idle_time_ratio_summary!A:A,idle_time_ratio_summary!N:N,"") -> 0 | P4: =IF(B4<=2,"1-2",IF(B4<=4,"3-4",IF(B4<=7,"5-7",IF(B4<=11,"8-11","12+")))) -> 1-2 | Q4: =IF(B4<=11,B4,IF(B4<20,"12-19","20+")) -> 1 | R4: =IF(C4<=3,"3-","4+") -> 3- | S4: =IF(C4<=7,C4,"8+") -> 1 | T4: =IF(G4=1,J4,0) -> 0.029038915 | U4: =IF(H4=1,ABS(F4)/E4,0) -> 0
A5: 20260618_150754 | B5: 2 | C5: 1 | D5: =_xlfn.XLOOKUP(A5,batch_final_timeline_by_case!A:A,batch_final_timeline_by_case!D:D,"") -> 68.39 | E5: =_xlfn.XLOOKUP(A5,batch_final_timeline_by_case!A:A,batch_final_timeline_by_case!E:E,"") -> 68.43 | F5: =_xlfn.XLOOKUP(A5,batch_final_timeline_by_case!A:A,batch_final_timeline_by_case!F:F,"") -> -0.04 | G5: =_xlfn.XLOOKUP(A5,batch_final_timeline_by_case!A:A,batch_final_timeline_by_case!G:G,"") -> 0 | H5: =_xlfn.XLOOKUP(A5,batch_final_timeline_by_case!A:A,batch_final_timeline_by_case!H:H,"") -> 1 | I5: =_xlfn.XLOOKUP(A5,batch_final_timeline_by_case!A:A,batch_final_timeline_by_case!I:I,"") -> 0 | J5: =IF(D5=0,"",ABS(F5)/D5) -> 0.00058488083 | K5: =IF(J5>=0.05,1,0) -> 0 | L5: =IF(AND(G5=1,K5=1),1,0) -> 0 | M5: =_xlfn.XLOOKUP(A5,idle_time_ratio_summary!A:A,idle_time_ratio_summary!G:G,"") -> 0 | N5: =_xlfn.XLOOKUP(A5,idle_time_ratio_summary!A:A,idle_time_ratio_summary!M:M,"") -> 0 | O5: =_xlfn.XLOOKUP(A5,idle_time_ratio_summary!A:A,idle_time_ratio_summary!N:N,"") -> 0 | P5: =IF(B5<=2,"1-2",IF(B5<=4,"3-4",IF(B5<=7,"5-7",IF(B5<=11,"8-11","12+")))) -> 1-2 | Q5: =IF(B5<=11,B5,IF(B5<20,"12-19","20+")) -> 2 | R5: =IF(C5<=3,"3-","4+") -> 3- | S5: =IF(C5<=7,C5,"8+") -> 1 | T5: =IF(G5=1,J5,0) -> 0 | U5: =IF(H5=1,ABS(F5)/E5,0) -> 0.00058453894
A6: 20260621_172604 | B6: 1 | C6: 1 | D6: =_xlfn.XLOOKUP(A6,batch_final_timeline_by_case!A:A,batch_final_timeline_by_case!D:D,"") -> 67.71 | E6: =_xlfn.XLOOKUP(A6,batch_final_timeline_by_case!A:A,batch_final_timeline_by_case!E:E,"") -> 63.7 | F6: =_xlfn.XLOOKUP(A6,batch_final_timeline_by_case!A:A,batch_final_timeline_by_case!F:F,"") -> 4.01 | G6: =_xlfn.XLOOKUP(A6,batch_final_timeline_by_case!A:A,batch_final_timeline_by_case!G:G,"") -> 1 | H6: =_xlfn.XLOOKUP(A6,batch_final_timeline_by_case!A:A,batch_final_timeline_by_case!H:H,"") -> 0 | I6: =_xlfn.XLOOKUP(A6,batch_final_timeline_by_case!A:A,batch_final_timeline_by_case!I:I,"") -> 0 | J6: =IF(D6=0,"",ABS(F6)/D6) -> 0.059223158 | K6: =IF(J6>=0.05,1,0) -> 1 | L6: =IF(AND(G6=1,K6=1),1,0) -> 1 | M6: =_xlfn.XLOOKUP(A6,idle_time_ratio_summary!A:A,idle_time_ratio_summary!G:G,"") -> 1 | N6: =_xlfn.XLOOKUP(A6,idle_time_ratio_summary!A:A,idle_time_ratio_summary!M:M,"") -> 1 | O6: =_xlfn.XLOOKUP(A6,idle_time_ratio_summary!A:A,idle_time_ratio_summary!N:N,"") -> 1 | P6: =IF(B6<=2,"1-2",IF(B6<=4,"3-4",IF(B6<=7,"5-7",IF(B6<=11,"8-11","12+")))) -> 1-2 | Q6: =IF(B6<=11,B6,IF(B6<20,"12-19","20+")) -> 1 | R6: =IF(C6<=3,"3-","4+") -> 3- | S6: =IF(C6<=7,C6,"8+") -> 1 | T6: =IF(G6=1,J6,0) -> 0.059223158 | U6: =IF(H6=1,ABS(F6)/E6,0) -> 0
A7: 20260618_180614 | B7: 4 | C7: 1 | D7: =_xlfn.XLOOKUP(A7,batch_final_timeline_by_case!A:A,batch_final_timeline_by_case!D:D,"") -> 85.1592 | E7: =_xlfn.XLOOKUP(A7,batch_final_timeline_by_case!A:A,batch_final_timeline_by_case!E:E,"") -> 81.6 | F7: =_xlfn.XLOOKUP(A7,batch_final_timeline_by_case!A:A,batch_final_timeline_by_case!F:F,"") -> 3.5592 | G7: =_xlfn.XLOOKUP(A7,batch_final_timeline_by_case!A:A,batch_final_timeline_by_case!G:G,"") -> 1 | H7: =_xlfn.XLOOKUP(A7,batch_final_timeline_by_case!A:A,batch_final_timeline_by_case!H:H,"") -> 0 | I7: =_xlfn.XLOOKUP(A7,batch_final_timeline_by_case!A:A,batch_final_timeline_by_case!I:I,"") -> 0 | J7: =IF(D7=0,"",ABS(F7)/D7) -> 0.041794662 | K7: =IF(J7>=0.05,1,0) -> 0 | L7: =IF(AND(G7=1,K7=1),1,0) -> 0 | M7: =_xlfn.XLOOKUP(A7,idle_time_ratio_summary!A:A,idle_time_ratio_summary!G:G,"") -> 0 | N7: =_xlfn.XLOOKUP(A7,idle_time_ratio_summary!A:A,idle_time_ratio_summary!M:M,"") -> 1 | O7: =_xlfn.XLOOKUP(A7,idle_time_ratio_summary!A:A,idle_time_ratio_summary!N:N,"") -> 1 | P7: =IF(B7<=2,"1-2",IF(B7<=4,"3-4",IF(B7<=7,"5-7",IF(B7<=11,"8-11","12+")))) -> 3-4 | Q7: =IF(B7<=11,B7,IF(B7<20,"12-19","20+")) -> 4 | R7: =IF(C7<=3,"3-","4+") -> 3- | S7: =IF(C7<=7,C7,"8+") -> 1 | T7: =IF(G7=1,J7,0) -> 0.041794662 | U7: =IF(H7=1,ABS(F7)/E7,0) -> 0
A8: 20260621_174256 | B8: 2 | C8: 1 | D8: =_xlfn.XLOOKUP(A8,batch_final_timeline_by_case!A:A,batch_final_timeline_by_case!D:D,"") -> 72.9992 | E8: =_xlfn.XLOOKUP(A8,batch_final_timeline_by_case!A:A,batch_final_timeline_by_case!E:E,"") -> 69.32 | F8: =_xlfn.XLOOKUP(A8,batch_final_timeline_by_case!A:A,batch_final_timeline_by_case!F:F,"") -> 3.6792 | G8: =_xlfn.XLOOKUP(A8,batch_final_timeline_by_case!A:A,batch_final_timeline_by_case!G:G,"") -> 1 | H8: =_xlfn.XLOOKUP(A8,batch_final_timeline_by_case!A:A,batch_final_timeline_by_case!H:H,"") -> 0 | I8: =_xlfn.XLOOKUP(A8,batch_final_timeline_by_case!A:A,batch_final_timeline_by_case!I:I,"") -> 0 | J8: =IF(D8=0,"",ABS(F8)/D8) -> 0.050400552 | K8: =IF(J8>=0.05,1,0) -> 1 | L8: =IF(AND(G8=1,K8=1),1,0) -> 1 | M8: =_xlfn.XLOOKUP(A8,idle_time_ratio_summary!A:A,idle_time_ratio_summary!G:G,"") -> 0 | N8: =_xlfn.XLOOKUP(A8,idle_time_ratio_summary!A:A,idle_time_ratio_summary!M:M,"") -> 1 | O8: =_xlfn.XLOOKUP(A8,idle_time_ratio_summary!A:A,idle_time_ratio_summary!N:N,"") -> 0 | P8: =IF(B8<=2,"1-2",IF(B8<=4,"3-4",IF(B8<=7,"5-7",IF(B8<=11,"8-11","12+")))) -> 1-2 | Q8: =IF(B8<=11,B8,IF(B8<20,"12-19","20+")) -> 2 | R8: =IF(C8<=3,"3-","4+") -> 3- | S8: =IF(C8<=7,C8,"8+") -> 1 | T8: =IF(G8=1,J8,0) -> 0.050400552 | U8: =IF(H8=1,ABS(F8)/E8,0) -> 0
A9: 20260617_225645 | B9: 4 | C9: 1 | D9: =_xlfn.XLOOKUP(A9,batch_final_timeline_by_case!A:A,batch_final_timeline_by_case!D:D,"") -> 75.8538 | E9: =_xlfn.XLOOKUP(A9,batch_final_timeline_by_case!A:A,batch_final_timeline_by_case!E:E,"") -> 81.77 | F9: =_xlfn.XLOOKUP(A9,batch_final_timeline_by_case!A:A,batch_final_timeline_by_case!F:F,"") -> -5.9162 | G9: =_xlfn.XLOOKUP(A9,batch_final_timeline_by_case!A:A,batch_final_timeline_by_case!G:G,"") -> 0 | H9: =_xlfn.XLOOKUP(A9,batch_final_timeline_by_case!A:A,batch_final_timeline_by_case!H:H,"") -> 1 | I9: =_xlfn.XLOOKUP(A9,batch_final_timeline_by_case!A:A,batch_final_timeline_by_case!I:I,"") -> 0 | J9: =IF(D9=0,"",ABS(F9)/D9) -> 0.077994774 | K9: =IF(J9>=0.05,1,0) -> 1 | L9: =IF(AND(G9=1,K9=1),1,0) -> 0 | M9: =_xlfn.XLOOKUP(A9,idle_time_ratio_summary!A:A,idle_time_ratio_summary!G:G,"") -> 0 | N9: =_xlfn.XLOOKUP(A9,idle_time_ratio_summary!A:A,idle_time_ratio_summary!M:M,"") -> 1 | O9: =_xlfn.XLOOKUP(A9,idle_time_ratio_summary!A:A,idle_time_ratio_summary!N:N,"") -> 1 | P9: =IF(B9<=2,"1-2",IF(B9<=4,"3-4",IF(B9<=7,"5-7",IF(B9<=11,"8-11","12+")))) -> 3-4 | Q9: =IF(B9<=11,B9,IF(B9<20,"12-19","20+")) -> 4 | R9: =IF(C9<=3,"3-","4+") -> 3- | S9: =IF(C9<=7,C9,"8+") -> 1 | T9: =IF(G9=1,J9,0) -> 0 | U9: =IF(H9=1,ABS(F9)/E9,0) -> 0.072351718
A10: 20260621_184824 | B10: 2 | C10: 1 | D10: =_xlfn.XLOOKUP(A10,batch_final_timeline_by_case!A:A,batch_final_timeline_by_case!D:D,"") -> 68.07 | E10: =_xlfn.XLOOKUP(A10,batch_final_timeline_by_case!A:A,batch_final_timeline_by_case!E:E,"") -> 63.33 | F10: =_xlfn.XLOOKUP(A10,batch_final_timeline_by_case!A:A,batch_final_timeline_by_case!F:F,"") -> 4.74 | G10: =_xlfn.XLOOKUP(A10,batch_final_timeline_by_case!A:A,batch_final_timeline_by_case!G:G,"") -> 1 | H10: =_xlfn.XLOOKUP(A10,batch_final_timeline_by_case!A:A,batch_final_timeline_by_case!H:H,"") -> 0 | I10: =_xlfn.XLOOKUP(A10,batch_final_timeline_by_case!A:A,batch_final_timeline_by_case!I:I,"") -> 0 | J10: =IF(D10=0,"",ABS(F10)/D10) -> 0.0696342 | K10: =IF(J10>=0.05,1,0) -> 1 | L10: =IF(AND(G10=1,K10=1),1,0) -> 1 | M10: =_xlfn.XLOOKUP(A10,idle_time_ratio_summary!A:A,idle_time_ratio_summary!G:G,"") -> 0 | N10: =_xlfn.XLOOKUP(A10,idle_time_ratio_summary!A:A,idle_time_ratio_summary!M:M,"") -> 1 | O10: =_xlfn.XLOOKUP(A10,idle_time_ratio_summary!A:A,idle_time_ratio_summary!N:N,"") -> 1 | P10: =IF(B10<=2,"1-2",IF(B10<=4,"3-4",IF(B10<=7,"5-7",IF(B10<=11,"8-11","12+")))) -> 1-2 | Q10: =IF(B10<=11,B10,IF(B10<20,"12-19","20+")) -> 2 | R10: =IF(C10<=3,"3-","4+") -> 3- | S10: =IF(C10<=7,C10,"8+") -> 1 | T10: =IF(G10=1,J10,0) -> 0.0696342 | U10: =IF(H10=1,ABS(F10)/E10,0) -> 0
A11: 20260621_170757 | B11: 1 | C11: 1 | D11: =_xlfn.XLOOKUP(A11,batch_final_timeline_by_case!A:A,batch_final_timeline_by_case!D:D,"") -> 67.85 | E11: =_xlfn.XLOOKUP(A11,batch_final_timeline_by_case!A:A,batch_final_timeline_by_case!E:E,"") -> 65.35 | F11: =_xlfn.XLOOKUP(A11,batch_final_timeline_by_case!A:A,batch_final_timeline_by_case!F:F,"") -> 2.5 | G11: =_xlfn.XLOOKUP(A11,batch_final_timeline_by_case!A:A,batch_final_timeline_by_case!G:G,"") -> 1 | H11: =_xlfn.XLOOKUP(A11,batch_final_timeline_by_case!A:A,batch_final_timeline_by_case!H:H,"") -> 0 | I11: =_xlfn.XLOOKUP(A11,batch_final_timeline_by_case!A:A,batch_final_timeline_by_case!I:I,"") -> 0 | J11: =IF(D11=0,"",ABS(F11)/D11) -> 0.036845984 | K11: =IF(J11>=0.05,1,0) -> 0 | L11: =IF(AND(G11=1,K11=1),1,0) -> 0 | M11: =_xlfn.XLOOKUP(A11,idle_time_ratio_summary!A:A,idle_time_ratio_summary!G:G,"") -> 1 | N11: =_xlfn.XLOOKUP(A11,idle_time_ratio_summary!A:A,idle_time_ratio_summary!M:M,"") -> 1 | O11: =_xlfn.XLOOKUP(A11,idle_time_ratio_summary!A:A,idle_time_ratio_summary!N:N,"") -> 0 | P11: =IF(B11<=2,"1-2",IF(B11<=4,"3-4",IF(B11<=7,"5-7",IF(B11<=11,"8-11","12+")))) -> 1-2 | Q11: =IF(B11<=11,B11,IF(B11<20,"12-19","20+")) -> 1 | R11: =IF(C11<=3,"3-","4+") -> 3- | S11: =IF(C11<=7,C11,"8+") -> 1 | T11: =IF(G11=1,J11,0) -> 0.036845984 | U11: =IF(H11=1,ABS(F11)/E11,0) -> 0
A12: 20260621_185411 | B12: 1 | C12: 1 | D12: =_xlfn.XLOOKUP(A12,batch_final_timeline_by_case!A:A,batch_final_timeline_by_case!D:D,"") -> 68.34 | E12: =_xlfn.XLOOKUP(A12,batch_final_timeline_by_case!A:A,batch_final_timeline_by_case!E:E,"") -> 67.65 | F12: =_xlfn.XLOOKUP(A12,batch_final_timeline_by_case!A:A,batch_final_timeline_by_case!F:F,"") -> 0.69 | G12: =_xlfn.XLOOKUP(A12,batch_final_timeline_by_case!A:A,batch_final_timeline_by_case!G:G,"") -> 1 | H12: =_xlfn.XLOOKUP(A12,batch_final_timeline_by_case!A:A,batch_final_timeline_by_case!H:H,"") -> 0 | I12: =_xlfn.XLOOKUP(A12,batch_final_timeline_by_case!A:A,batch_final_timeline_by_case!I:I,"") -> 0 | J12: =IF(D12=0,"",ABS(F12)/D12) -> 0.010096576 | K12: =IF(J12>=0.05,1,0) -> 0 | L12: =IF(AND(G12=1,K12=1),1,0) -> 0 | M12: =_xlfn.XLOOKUP(A12,idle_time_ratio_summary!A:A,idle_time_ratio_summary!G:G,"") -> 0 | N12: =_xlfn.XLOOKUP(A12,idle_time_ratio_summary!A:A,idle_time_ratio_summary!M:M,"") -> 1 | O12: =_xlfn.XLOOKUP(A12,idle_time_ratio_summary!A:A,idle_time_ratio_summary!N:N,"") -> 0 | P12: =IF(B12<=2,"1-2",IF(B12<=4,"3-4",IF(B12<=7,"5-7",IF(B12<=11,"8-11","12+")))) -> 1-2 | Q12: =IF(B12<=11,B12,IF(B12<20,"12-19","20+")) -> 1 | R12: =IF(C12<=3,"3-","4+") -> 3- | S12: =IF(C12<=7,C12,"8+") -> 1 | T12: =IF(G12=1,J12,0) -> 0.010096576 | U12: =IF(H12=1,ABS(F12)/E12,0) -> 0
A13: 20260618_175053 | B13: 2 | C13: 1 | D13: =_xlfn.XLOOKUP(A13,batch_final_timeline_by_case!A:A,batch_final_timeline_by_case!D:D,"") -> 67.81 | E13: =_xlfn.XLOOKUP(A13,batch_final_timeline_by_case!A:A,batch_final_timeline_by_case!E:E,"") -> 68.72 | F13: =_xlfn.XLOOKUP(A13,batch_final_timeline_by_case!A:A,batch_final_timeline_by_case!F:F,"") -> -0.91 | G13: =_xlfn.XLOOKUP(A13,batch_final_timeline_by_case!A:A,batch_final_timeline_by_case!G:G,"") -> 0 | H13: =_xlfn.XLOOKUP(A13,batch_final_timeline_by_case!A:A,batch_final_timeline_by_case!H:H,"") -> 1 | I13: =_xlfn.XLOOKUP(A13,batch_final_timeline_by_case!A:A,batch_final_timeline_by_case!I:I,"") -> 0 | J13: =IF(D13=0,"",ABS(F13)/D13) -> 0.01341985 | K13: =IF(J13>=0.05,1,0) -> 0 | L13: =IF(AND(G13=1,K13=1),1,0) -> 0 | M13: =_xlfn.XLOOKUP(A13,idle_time_ratio_summary!A:A,idle_time_ratio_summary!G:G,"") -> 0 | N13: =_xlfn.XLOOKUP(A13,idle_time_ratio_summary!A:A,idle_time_ratio_summary!M:M,"") -> 0 | O13: =_xlfn.XLOOKUP(A13,idle_time_ratio_summary!A:A,idle_time_ratio_summary!N:N,"") -> 0 | P13: =IF(B13<=2,"1-2",IF(B13<=4,"3-4",IF(B13<=7,"5-7",IF(B13<=11,"8-11","12+")))) -> 1-2 | Q13: =IF(B13<=11,B13,IF(B13<20,"12-19","20+")) -> 2 | R13: =IF(C13<=3,"3-","4+") -> 3- | S13: =IF(C13<=7,C13,"8+") -> 1 | T13: =IF(G13=1,J13,0) -> 0 | U13: =IF(H13=1,ABS(F13)/E13,0) -> 0.013242142
... A72: 20260617_220342 | B72: 27 | C72: 11 | D72: =_xlfn.XLOOKUP(A72,batch_final_timeline_by_case!A:A,batch_final_timeline_by_case!D:D,"") -> 169.9192 | E72: =_xlfn.XLOOKUP(A72,batch_final_timeline_by_case!A:A,batch_final_timeline_by_case!E:E,"") -> 166.98 | F72: =_xlfn.XLOOKUP(A72,batch_final_timeline_by_case!A:A,batch_final_timeline_by_case!F:F,"") -> 2.9392 | G72: =_xlfn.XLOOKUP(A72,batch_final_timeline_by_case!A:A,batch_final_timeline_by_case!G:G,"") -> 1 | H72: =_xlfn.XLOOKUP(A72,batch_final_timeline_by_case!A:A,batch_final_timeline_by_case!H:H,"") -> 0 | I72: =_xlfn.XLOOKUP(A72,batch_final_timeline_by_case!A:A,batch_final_timeline_by_case!I:I,"") -> 0 | J72: =IF(D72=0,"",ABS(F72)/D72) -> 0.017297633 | K72: =IF(J72>=0.05,1,0) -> 0 | L72: =IF(AND(G72=1,K72=1),1,0) -> 0 | M72: =_xlfn.XLOOKUP(A72,idle_time_ratio_summary!A:A,idle_time_ratio_summary!G:G,"") -> 0 | N72: =_xlfn.XLOOKUP(A72,idle_time_ratio_summary!A:A,idle_time_ratio_summary!M:M,"") -> 1 | O72: =_xlfn.XLOOKUP(A72,idle_time_ratio_summary!A:A,idle_time_ratio_summary!N:N,"") -> 1 | P72: =IF(B72<=2,"1-2",IF(B72<=4,"3-4",IF(B72<=7,"5-7",IF(B72<=11,"8-11","12+")))) -> 12+ | Q72: =IF(B72<=11,B72,IF(B72<20,"12-19","20+")) -> 20+ | R72: =IF(C72<=3,"3-","4+") -> 4+ | S72: =IF(C72<=7,C72,"8+") -> 8+ | T72: =IF(G72=1,J72,0) -> 0.017297633 | U72: =IF(H72=1,ABS(F72)/E72,0) -> 0
G73: =SUM(G2:G72) -> 46 | H73: =SUM(H2:H72) -> 25 | J73: =AVERAGE(J2:J72) -> 0.03449459 | K73: =SUM(K2:K72) -> 16 | L73: =SUM(L2:L72) -> 14 | M73: =SUM(M2:M72) -> 11 | N73: =SUM(N2:N72) -> 54 | O73: =SUM(O2:O72) -> 38 | T73: =AVERAGE(T2:T72) -> 0.025252708 | U73: =AVERAGE(U2:U72) -> 0.0088655552

Sheet 失效次數分析
A3: 列標籤 | B3: caseID | C3: Dynamic makespan較佳比例 | D3: Nores human等待時間較佳比例 | E3: Dynamic robot等待時間較佳比例 | F3: Dynamic robot等待時間較佳比例(>=5%) | G3: 平均值 - dynamic_effective_5pct
A4: 1-2 | B4: 14 | C4: 0.71428571 | D4: 0.42857143 | E4: 0.64285714 | F4: 0.14285714 | G4: 0.21428571
A5: 3-4 | B5: 15 | C5: 0.73333333 | D5: 0.26666667 | E5: 0.8 | F5: 0.4 | G5: 0.13333333
A6: 5-7 | B6: 17 | C6: 0.52941176 | D6: 0.058823529 | E6: 0.76470588 | F6: 0.70588235 | G6: 0.17647059
A7: 8-11 | B7: 16 | C7: 0.5625 | D7: 0 | E7: 0.75 | F7: 0.6875 | G7: 0.25
A8: 12+ | B8: 9 | C8: 0.77777778 | D8: 0 | E8: 0.88888889 | F8: 0.77777778 | G8: 0.22222222

Sheet 失效任務個數分析
A3: 列標籤 | B3: 計數 - caseID | C3: Dynamic makespna較佳比例 | D3: Dynamic 等待時間較佳比例 | E3: Dynamic 等待時間較佳比例(>=5%) | F3: 平均值 - dynamic_effective_5pct
A4: 3- | B4: 37 | C4: 0.72972973 | D4: 0.81081081 | E4: 0.45945946 | F4: 0.16216216
A5: 1 | B5: 13 | C5: 0.69230769 | D5: 0.76923077 | E5: 0.30769231 | F5: 0.23076923
A6: 2 | B6: 16 | C6: 0.75 | D6: 0.75 | E6: 0.5625 | F6: 0.0625
A7: 3 | B7: 8 | C7: 0.75 | D7: 1 | E7: 0.5 | F7: 0.25
A8: 4+ | B8: 34 | C8: 0.55882353 | D8: 0.70588235 | E8: 0.61764706 | F8: 0.23529412
